{
    "loss": 0.6637005805969238,
    "accuracy": 0.8875739574432373,
    "precision": 0.8875739574432373,
    "recall": 0.8875739574432373,
    "f1_score": 0.8875739574432373
}