{
    "loss": 0.6346169710159302,
    "accuracy": 0.9047619104385376,
    "precision": 0.9047619104385376,
    "recall": 0.9047619104385376,
    "f1_score": 0.9047619104385376
}